id,player_id,gameweek,season,feature_version,now_cost,element_type,team,total_points_rolling_1,total_points_rolling_3,total_points_rolling_6,minutes_rolling_1,minutes_rolling_3,minutes_rolling_6,goals_scored_rolling_1,goals_scored_rolling_3,assists_rolling_1,assists_rolling_3,clean_sheets_rolling_1,clean_sheets_rolling_3,avg_fdr_next_3,avg_fdr_next_6,dgw_next_3,dgw_next_6,bgw_next_3,team_points_rolling_3,team_goals_rolling_3,team_conceded_rolling_3,is_injured,is_suspended,injury_risk_score,form_trend,points_per_minute,value_ratio,ownership_factor,home_advantage,opp_strength,actual_points,created_at,updated_at,goals_scored_rolling_6,assists_rolling_6,clean_sheets_rolling_6
869,818,1,2024-25,1,39,1,2,0.0,0.0,0.0,0.0,0.0,0.0,0.0,0.0,0.0,0.0,0.0,0.0,4.6,3.31,0,0,0,7,5,1,False,False,0.0,1.35,0.0,0.0,0.0,True,3.0,1.0552531780042638,2026-03-05 18:58:56.437777,2026-03-05 19:01:40.494792,0.0,0.0,0.0
871,865,1,2024-25,1,45,3,2,0.0,0.0,0.0,0.0,0.0,0.0,0.0,0.0,0.0,0.0,0.0,0.0,3.03,3.45,0,0,0,8,1,5,False,False,0.0,-0.84,0.0,0.0,0.0,True,3.0,0.629074384238699,2026-03-05 18:58:56.437777,2026-03-05 19:01:40.494792,0.0,0.0,0.0
872,866,1,2024-25,1,40,1,2,0.0,0.0,0.0,0.0,0.0,0.0,0.0,0.0,0.0,0.0,0.0,0.0,4.89,4.39,0,0,0,1,6,7,False,False,0.0,-0.52,0.0,0.0,0.0,True,3.0,1.1247802222652712,2026-03-05 18:58:56.437777,2026-03-05 19:01:40.494792,0.0,0.0,0.0
874,849,1,2024-25,1,45,3,3,0.0,0.0,0.0,0.0,0.0,0.0,0.0,0.0,0.0,0.0,0.0,0.0,4.33,4.61,0,0,0,5,6,6,False,False,0.0,-0.86,0.0,0.0,0.0,True,3.0,1.2290622579144181,2026-03-05 18:58:56.437777,2026-03-05 19:01:40.494792,0.0,0.0,0.0
875,855,1,2024-25,1,40,1,3,0.0,0.0,0.0,0.0,0.0,0.0,0.0,0.0,0.0,0.0,0.0,0.0,3.16,4.55,0,0,0,7,4,1,False,False,0.0,0.31,0.0,0.0,0.0,True,3.0,1.2074380936455766,2026-03-05 18:58:56.437777,2026-03-05 19:01:40.494792,0.0,0.0,0.0
876,834,1,2024-25,1,40,2,4,0.0,0.0,0.0,0.0,0.0,0.0,0.0,0.0,0.0,0.0,0.0,0.0,4.03,3.87,0,0,0,7,1,6,False,False,0.0,-0.56,0.0,0.0,0.0,True,3.0,1.3773277859563215,2026-03-05 18:58:56.437777,2026-03-05 19:01:40.494792,0.0,0.0,0.0
877,864,1,2024-25,1,45,3,4,0.0,0.0,0.0,0.0,0.0,0.0,0.0,0.0,0.0,0.0,0.0,0.0,4.99,3.5,0,0,0,6,2,4,False,False,0.0,-1.2,0.0,0.0,0.0,True,3.0,0.9776603419742468,2026-03-05 18:58:56.437777,2026-03-05 19:01:40.494792,0.0,0.0,0.0
879,843,1,2024-25,1,45,3,5,0.0,0.0,0.0,0.0,0.0,0.0,0.0,0.0,0.0,0.0,0.0,0.0,3.32,4.53,0,0,0,4,3,1,False,False,0.0,1.25,0.0,0.0,0.0,True,3.0,0.9275797323201903,2026-03-05 18:58:56.437777,2026-03-05 19:01:40.494792,0.0,0.0,0.0
881,861,1,2024-25,1,40,2,5,0.0,0.0,0.0,0.0,0.0,0.0,0.0,0.0,0.0,0.0,0.0,0.0,4.16,3.49,0,0,0,6,2,5,False,False,0.0,0.57,0.0,0.0,0.0,True,3.0,1.0297350090090487,2026-03-05 18:58:56.437777,2026-03-05 19:01:40.494792,0.0,0.0,0.0
884,819,1,2024-25,1,40,2,7,0.0,0.0,0.0,0.0,0.0,0.0,0.0,0.0,0.0,0.0,0.0,0.0,4.59,3.93,0,0,0,4,2,3,False,False,0.0,-0.48,0.0,0.0,0.0,True,3.0,0.9124433694970735,2026-03-05 18:58:56.437777,2026-03-05 19:01:40.494792,0.0,0.0,0.0
885,820,1,2024-25,1,45,3,7,0.0,0.0,0.0,0.0,0.0,0.0,0.0,0.0,0.0,0.0,0.0,0.0,4.7,3.62,0,0,0,7,1,8,False,False,0.0,0.87,0.0,0.0,0.0,True,3.0,1.4342513995013286,2026-03-05 18:58:56.437777,2026-03-05 19:01:40.494792,0.0,0.0,0.0
888,847,1,2024-25,1,40,1,7,0.0,0.0,0.0,0.0,0.0,0.0,0.0,0.0,0.0,0.0,0.0,0.0,3.07,4.84,0,0,0,2,5,1,False,False,0.0,-1.71,0.0,0.0,0.0,True,3.0,1.2304620501247308,2026-03-05 18:58:56.437777,2026-03-05 19:01:40.494792,0.0,0.0,0.0
889,851,1,2024-25,1,45,4,7,0.0,0.0,0.0,0.0,0.0,0.0,0.0,0.0,0.0,0.0,0.0,0.0,4.21,3.69,0,0,0,8,2,2,False,False,0.0,1.57,0.0,0.0,0.0,True,3.0,0.6362375321394342,2026-03-05 18:58:56.437777,2026-03-05 19:01:40.494792,0.0,0.0,0.0
890,852,1,2024-25,1,45,3,7,0.0,0.0,0.0,0.0,0.0,0.0,0.0,0.0,0.0,0.0,0.0,0.0,4.26,4.15,0,0,0,8,0,4,False,False,0.0,0.2,0.0,0.0,0.0,True,3.0,0.9723901318300716,2026-03-05 18:58:56.437777,2026-03-05 19:01:40.494792,0.0,0.0,0.0
891,858,1,2024-25,1,40,1,7,0.0,0.0,0.0,0.0,0.0,0.0,0.0,0.0,0.0,0.0,0.0,0.0,3.37,3.29,0,0,0,7,3,6,False,False,0.0,-0.07,0.0,0.0,0.0,True,3.0,1.1079679227715349,2026-03-05 18:58:56.437777,2026-03-05 19:01:40.494792,0.0,0.0,0.0
892,859,1,2024-25,1,40,2,7,0.0,0.0,0.0,0.0,0.0,0.0,0.0,0.0,0.0,0.0,0.0,0.0,4.68,4.93,0,0,0,0,5,6,False,False,0.0,-1.1,0.0,0.0,0.0,True,3.0,0.6449435425783403,2026-03-05 18:58:56.437777,2026-03-05 19:01:40.494792,0.0,0.0,0.0
894,821,1,2024-25,1,45,4,8,0.0,0.0,0.0,0.0,0.0,0.0,0.0,0.0,0.0,0.0,0.0,0.0,3.37,3.41,0,0,0,1,3,2,False,False,0.0,0.5,0.0,0.0,0.0,True,3.0,1.2629753071760739,2026-03-05 18:58:56.437777,2026-03-05 19:01:40.494792,0.0,0.0,0.0
895,825,1,2024-25,1,45,3,8,0.0,0.0,0.0,0.0,0.0,0.0,0.0,0.0,0.0,0.0,0.0,0.0,3.05,4.26,0,0,0,8,6,3,False,False,0.0,-1.24,0.0,0.0,0.0,True,3.0,0.9053103905851894,2026-03-05 18:58:56.437777,2026-03-05 19:01:40.494792,0.0,0.0,0.0
896,842,1,2024-25,1,44,3,8,0.0,0.0,0.0,0.0,0.0,0.0,0.0,0.0,0.0,0.0,0.0,0.0,4.27,4.78,0,0,0,6,8,4,False,False,0.0,1.02,0.0,0.0,0.0,True,3.0,0.781554019854563,2026-03-05 18:58:56.437777,2026-03-05 19:01:40.494792,0.0,0.0,0.0
898,863,1,2024-25,1,40,1,9,0.0,0.0,0.0,0.0,0.0,0.0,0.0,0.0,0.0,0.0,0.0,0.0,3.41,3.06,0,0,0,6,3,7,False,False,0.0,0.03,0.0,0.0,0.0,True,3.0,0.9499945116524497,2026-03-05 18:58:56.437777,2026-03-05 19:01:40.494792,0.0,0.0,0.0
899,810,1,2024-25,1,45,3,10,0.0,0.0,0.0,0.0,0.0,0.0,0.0,0.0,0.0,0.0,0.0,0.0,3.26,4.65,0,0,0,8,5,7,False,False,0.0,-1.29,0.0,0.0,0.0,True,3.0,0.8035411392835285,2026-03-05 18:58:56.437777,2026-03-05 19:01:40.494792,0.0,0.0,0.0
900,812,1,2024-25,1,45,4,11,0.0,0.0,0.0,0.0,0.0,0.0,0.0,0.0,0.0,0.0,0.0,0.0,3.69,3.58,0,0,0,6,8,6,False,False,0.0,0.0,0.0,0.0,0.0,True,3.0,1.2062538184958187,2026-03-05 18:58:56.437777,2026-03-05 19:01:40.494792,0.0,0.0,0.0
901,813,1,2024-25,1,40,1,11,0.0,0.0,0.0,0.0,0.0,0.0,0.0,0.0,0.0,0.0,0.0,0.0,4.99,3.79,0,0,0,1,4,3,False,False,0.0,-0.22,0.0,0.0,0.0,True,3.0,1.0982667551028424,2026-03-05 18:58:56.437777,2026-03-05 19:01:40.494792,0.0,0.0,0.0
903,837,1,2024-25,1,40,2,11,0.0,0.0,0.0,0.0,0.0,0.0,0.0,0.0,0.0,0.0,0.0,0.0,4.42,3.25,0,0,0,4,7,6,False,False,0.0,0.58,0.0,0.0,0.0,True,3.0,0.9106706791594295,2026-03-05 18:58:56.437777,2026-03-05 19:01:40.494792,0.0,0.0,0.0
904,831,1,2024-25,1,45,3,12,0.0,0.0,0.0,0.0,0.0,0.0,0.0,0.0,0.0,0.0,0.0,0.0,4.68,3.09,0,0,0,3,5,7,False,False,0.0,0.33,0.0,0.0,0.0,True,3.0,0.8387279836187729,2026-03-05 18:58:56.437777,2026-03-05 19:01:40.494792,0.0,0.0,0.0
905,839,1,2024-25,1,45,3,12,0.0,0.0,0.0,0.0,0.0,0.0,0.0,0.0,0.0,0.0,0.0,0.0,4.76,4.65,0,0,0,7,1,9,False,False,0.0,-0.99,0.0,0.0,0.0,True,3.0,1.0262535516686913,2026-03-05 18:58:56.437777,2026-03-05 19:01:40.494792,0.0,0.0,0.0
906,844,1,2024-25,1,40,2,12,0.0,0.0,0.0,0.0,0.0,0.0,0.0,0.0,0.0,0.0,0.0,0.0,4.98,3.83,0,0,0,4,8,1,False,False,0.0,-0.73,0.0,0.0,0.0,True,3.0,0.7574879523232589,2026-03-05 18:58:56.437777,2026-03-05 19:01:40.494792,0.0,0.0,0.0
907,848,1,2024-25,1,45,4,12,0.0,0.0,0.0,0.0,0.0,0.0,0.0,0.0,0.0,0.0,0.0,0.0,4.07,4.46,0,0,0,3,6,1,False,False,0.0,0.68,0.0,0.0,0.0,True,3.0,1.031998170698222,2026-03-05 18:58:56.437777,2026-03-05 19:01:40.494792,0.0,0.0,0.0
908,814,1,2024-25,1,45,3,13,0.0,0.0,0.0,0.0,0.0,0.0,0.0,0.0,0.0,0.0,0.0,0.0,3.58,4.32,0,0,0,2,4,7,False,False,0.0,2.43,0.0,0.0,0.0,True,3.0,0.8489553928730006,2026-03-05 18:58:56.437777,2026-03-05 19:01:40.494792,0.0,0.0,0.0
909,826,1,2024-25,1,45,3,14,0.0,0.0,0.0,0.0,0.0,0.0,0.0,0.0,0.0,0.0,0.0,0.0,3.45,3.81,0,0,0,2,6,7,False,False,0.0,-0.3,0.0,0.0,0.0,True,3.0,1.0699791984844107,2026-03-05 18:58:56.437777,2026-03-05 19:01:40.494792,0.0,0.0,0.0
910,833,1,2024-25,1,40,2,14,0.0,0.0,0.0,0.0,0.0,0.0,0.0,0.0,0.0,0.0,0.0,0.0,4.51,4.89,0,0,0,6,8,0,False,False,0.0,1.87,0.0,0.0,0.0,True,3.0,1.1955083528644095,2026-03-05 18:58:56.437777,2026-03-05 19:01:40.494792,0.0,0.0,0.0
911,835,1,2024-25,1,40,1,14,0.0,0.0,0.0,0.0,0.0,0.0,0.0,0.0,0.0,0.0,0.0,0.0,3.54,3.01,0,0,0,8,8,3,False,False,0.0,0.1,0.0,0.0,0.0,True,3.0,0.9722829500328071,2026-03-05 18:58:56.437777,2026-03-05 19:01:40.494792,0.0,0.0,0.0
912,846,1,2024-25,1,40,2,14,0.0,0.0,0.0,0.0,0.0,0.0,0.0,0.0,0.0,0.0,0.0,0.0,3.1,4.04,0,0,0,4,2,7,False,False,0.0,-1.01,0.0,0.0,0.0,True,3.0,1.0207712610283002,2026-03-05 18:58:56.437777,2026-03-05 19:01:40.494792,0.0,0.0,0.0
914,856,1,2024-25,1,40,2,14,0.0,0.0,0.0,0.0,0.0,0.0,0.0,0.0,0.0,0.0,0.0,0.0,3.22,3.62,0,0,0,7,5,7,False,False,0.0,0.27,0.0,0.0,0.0,True,3.0,1.0601182072125455,2026-03-05 18:58:56.437777,2026-03-05 19:01:40.494792,0.0,0.0,0.0
917,822,1,2024-25,1,45,4,17,0.0,0.0,0.0,0.0,0.0,0.0,0.0,0.0,0.0,0.0,0.0,0.0,4.97,4.4,0,0,0,7,4,0,False,False,0.0,1.61,0.0,0.0,0.0,True,3.0,1.1936410591213973,2026-03-05 18:58:56.437777,2026-03-05 19:01:40.494792,0.0,0.0,0.0
919,827,1,2024-25,1,40,2,17,0.0,0.0,0.0,0.0,0.0,0.0,0.0,0.0,0.0,0.0,0.0,0.0,3.81,3.69,0,0,0,7,0,0,False,False,0.0,-0.92,0.0,0.0,0.0,True,3.0,1.1739247684100238,2026-03-05 18:58:56.437777,2026-03-05 19:01:40.494792,0.0,0.0,0.0
921,857,1,2024-25,1,45,3,17,0.0,0.0,0.0,0.0,0.0,0.0,0.0,0.0,0.0,0.0,0.0,0.0,4.0,3.76,0,0,0,5,0,4,False,False,0.0,-0.01,0.0,0.0,0.0,True,3.0,1.1135566177485001,2026-03-05 18:58:56.437777,2026-03-05 19:01:40.494792,0.0,0.0,0.0
923,862,1,2024-25,1,45,3,18,0.0,0.0,0.0,0.0,0.0,0.0,0.0,0.0,0.0,0.0,0.0,0.0,4.14,3.67,0,0,0,4,5,2,False,False,0.0,-1.52,0.0,0.0,0.0,True,3.0,1.0930564687012103,2026-03-05 18:58:56.437777,2026-03-05 19:01:40.494792,0.0,0.0,0.0
925,832,1,2024-25,1,40,2,20,0.0,0.0,0.0,0.0,0.0,0.0,0.0,0.0,0.0,0.0,0.0,0.0,4.42,3.65,0,0,0,7,1,7,False,False,0.0,1.22,0.0,0.0,0.0,True,3.0,0.7669253833643002,2026-03-05 18:58:56.437777,2026-03-05 19:01:40.494792,0.0,0.0,0.0
927,840,1,2024-25,1,45,4,20,0.0,0.0,0.0,0.0,0.0,0.0,0.0,0.0,0.0,0.0,0.0,0.0,4.84,4.85,0,0,0,5,2,3,False,False,0.0,1.65,0.0,0.0,0.0,True,3.0,0.592801041785586,2026-03-05 18:58:56.437777,2026-03-05 19:01:40.494792,0.0,0.0,0.0
928,853,1,2024-25,1,45,3,20,0.0,0.0,0.0,0.0,0.0,0.0,0.0,0.0,0.0,0.0,0.0,0.0,4.8,3.18,0,0,0,5,0,4,False,False,0.0,0.23,0.0,0.0,0.0,True,3.0,0.7689173410350636,2026-03-05 18:58:56.437777,2026-03-05 19:01:40.494792,0.0,0.0,0.0
929,1,1,2024-25,1,44,4,1,0.0,0.0,0.0,0.0,0.0,0.0,0.0,0.0,0.0,0.0,0.0,0.0,4.55,4.91,0,0,0,7,0,5,True,False,0.0,-0.65,0.0,0.0,0.2,True,3.0,1.6690314789805885,2026-03-05 18:58:56.437777,2026-03-05 19:01:40.494792,0.0,0.0,0.0
935,7,1,2024-25,1,43,2,8,0.0,0.0,0.0,0.0,0.0,0.0,0.0,0.0,0.0,0.0,0.0,0.0,4.95,4.27,0,0,0,6,2,3,False,False,0.0,-0.02,0.0,0.0,0.1,True,3.0,1.02534544224911,2026-03-05 18:58:56.437777,2026-03-05 19:01:40.494792,0.0,0.0,0.0
941,16,1,2024-25,1,49,3,1,0.0,0.0,0.0,0.0,0.0,0.0,0.0,0.0,0.0,0.0,0.0,0.0,4.85,3.16,0,0,0,3,1,9,True,False,0.0,0.81,0.0,0.0,0.0,True,3.0,0.8611642207117552,2026-03-05 18:58:56.437777,2026-03-05 19:01:40.494792,0.0,0.0,0.0
943,18,1,2024-25,1,40,1,1,0.0,0.0,0.0,0.0,0.0,0.0,0.0,0.0,0.0,0.0,0.0,0.0,3.5,4.63,0,0,0,7,1,8,True,False,0.0,1.44,0.0,0.0,0.1,True,3.0,1.1115348861793182,2026-03-05 18:58:56.437777,2026-03-05 19:01:40.494792,0.0,0.0,0.0
948,24,1,2024-25,1,44,2,1,0.0,0.0,0.0,0.0,0.0,0.0,0.0,0.0,0.0,0.0,0.0,0.0,3.96,3.02,0,0,0,5,3,7,True,False,0.0,-1.47,0.0,0.0,0.1,True,3.0,1.019829319995504,2026-03-05 18:58:56.437777,2026-03-05 19:01:40.494792,0.0,0.0,0.0
950,73,1,2024-25,1,49,3,3,0.0,0.0,0.0,0.0,0.0,0.0,0.0,0.0,0.0,0.0,0.0,0.0,4.91,3.2,0,0,0,3,8,7,True,False,0.0,0.94,0.0,0.0,0.0,True,3.0,1.1275852348477515,2026-03-05 18:58:56.437777,2026-03-05 19:01:40.494792,0.0,0.0,0.0
958,659,1,2024-25,1,39,1,7,0.0,0.0,0.0,0.0,0.0,0.0,0.0,0.0,0.0,0.0,0.0,0.0,3.97,3.62,0,0,0,1,9,4,True,False,0.0,-0.9,0.0,0.0,0.0,True,3.0,1.1406221362056368,2026-03-05 18:58:56.437777,2026-03-05 19:01:40.494792,0.0,0.0,0.0
960,665,1,2024-25,1,44,1,12,0.0,0.0,0.0,0.0,0.0,0.0,0.0,0.0,0.0,0.0,0.0,0.0,4.07,3.24,0,0,0,2,9,4,False,False,0.0,1.55,0.0,0.0,0.1,True,3.0,0.8167813692434409,2026-03-05 18:58:56.437777,2026-03-05 19:01:40.494792,0.0,0.0,0.0
961,735,1,2024-25,1,45,3,1,0.0,0.0,0.0,0.0,0.0,0.0,0.0,0.0,0.0,0.0,0.0,0.0,3.98,4.05,0,0,0,3,6,0,True,False,0.0,-0.71,0.0,0.0,0.0,True,3.0,0.8427971543913534,2026-03-05 18:58:56.437777,2026-03-05 19:01:40.494792,0.0,0.0,0.0
962,756,1,2024-25,1,40,1,11,0.0,0.0,0.0,0.0,0.0,0.0,0.0,0.0,0.0,0.0,0.0,0.0,4.92,4.47,0,0,0,1,2,2,True,False,0.0,-0.71,0.0,0.0,0.0,True,3.0,1.2238363592875823,2026-03-05 18:58:56.437777,2026-03-05 19:01:40.494792,0.0,0.0,0.0
973,35,1,2024-25,1,57,3,2,0.0,0.0,0.0,0.0,0.0,0.0,0.0,0.0,0.0,0.0,0.0,0.0,4.56,4.91,0,0,0,0,4,9,True,False,0.0,-0.44,0.0,0.0,0.0,True,3.0,0.8033207781760859,2026-03-05 18:58:56.437777,2026-03-05 19:01:40.494792,0.0,0.0,0.0
977,39,1,2024-25,1,49,4,2,0.0,0.0,0.0,0.0,0.0,0.0,0.0,0.0,0.0,0.0,0.0,0.0,4.01,4.45,0,0,0,1,3,5,True,False,0.0,-1.1,0.0,0.0,0.1,True,3.0,1.0489040041991344,2026-03-05 18:58:56.437777,2026-03-05 19:01:40.494792,0.0,0.0,0.0
983,45,1,2024-25,1,39,2,2,0.0,0.0,0.0,0.0,0.0,0.0,0.0,0.0,0.0,0.0,0.0,0.0,3.26,4.41,0,0,0,9,6,6,False,False,0.0,-0.41,0.0,0.0,0.2,True,3.0,0.8837180523102484,2026-03-05 18:58:56.437777,2026-03-05 19:01:40.494792,0.0,0.0,0.0
994,56,1,2024-25,1,45,3,2,0.0,0.0,0.0,0.0,0.0,0.0,0.0,0.0,0.0,0.0,0.0,0.0,4.08,4.28,0,0,0,0,7,8,True,False,0.0,-0.09,0.0,0.0,0.0,True,3.0,1.0859127804552324,2026-03-05 18:58:56.437777,2026-03-05 19:01:40.494792,0.0,0.0,0.0
995,57,1,2024-25,1,40,1,2,0.0,0.0,0.0,0.0,0.0,0.0,0.0,0.0,0.0,0.0,0.0,0.0,4.56,3.8,0,0,0,4,6,2,True,False,0.0,0.11,0.0,0.0,0.0,True,3.0,1.1596803976701675,2026-03-05 18:58:56.437777,2026-03-05 19:01:40.494792,0.0,0.0,0.0
1006,725,1,2024-25,1,40,2,4,0.0,0.0,0.0,0.0,0.0,0.0,0.0,0.0,0.0,0.0,0.0,0.0,3.88,4.83,0,0,0,2,8,4,False,False,0.0,1.68,0.0,0.0,0.0,True,3.0,0.8779859902664463,2026-03-05 18:58:56.437777,2026-03-05 19:01:40.494792,0.0,0.0,0.0
1007,731,1,2024-25,1,40,2,17,0.0,0.0,0.0,0.0,0.0,0.0,0.0,0.0,0.0,0.0,0.0,0.0,3.27,3.72,0,0,0,6,6,4,True,False,0.0,-0.04,0.0,0.0,0.0,True,3.0,1.2370808414255525,2026-03-05 18:58:56.437777,2026-03-05 19:01:40.494792,0.0,0.0,0.0
1008,737,1,2024-25,1,45,3,1,0.0,0.0,0.0,0.0,0.0,0.0,0.0,0.0,0.0,0.0,0.0,0.0,3.88,3.52,0,0,0,2,3,2,True,False,0.0,-0.11,0.0,0.0,0.0,True,3.0,0.8578331989076422,2026-03-05 18:58:56.437777,2026-03-05 19:01:40.494792,0.0,0.0,0.0
1009,762,1,2024-25,1,45,3,13,0.0,0.0,0.0,0.0,0.0,0.0,0.0,0.0,0.0,0.0,0.0,0.0,4.18,3.22,0,0,0,0,4,9,False,False,0.0,-1.49,0.0,0.0,0.0,True,3.0,0.8437742138955475,2026-03-05 18:58:56.437777,2026-03-05 19:01:40.494792,0.0,0.0,0.0
1012,61,1,2024-25,1,50,4,2,0.0,0.0,0.0,0.0,0.0,0.0,0.0,0.0,0.0,0.0,0.0,0.0,4.81,3.74,0,0,0,0,2,3,True,False,0.0,0.28,0.0,0.0,0.0,True,3.0,0.9539254043962877,2026-03-05 18:58:56.437777,2026-03-05 19:01:40.494792,0.0,0.0,0.0
1018,67,1,2024-25,1,45,3,3,0.0,0.0,0.0,0.0,0.0,0.0,0.0,0.0,0.0,0.0,0.0,0.0,4.88,3.6,0,0,0,9,8,9,True,False,0.0,1.48,0.0,0.0,0.0,True,3.0,1.0240390165716038,2026-03-05 18:58:56.437777,2026-03-05 19:01:40.494792,0.0,0.0,0.0
1019,68,1,2024-25,1,43,2,3,0.0,0.0,0.0,0.0,0.0,0.0,0.0,0.0,0.0,0.0,0.0,0.0,3.05,4.4,0,0,0,5,9,5,True,False,0.0,-0.74,0.0,0.0,0.0,True,3.0,0.8423060329187639,2026-03-05 18:58:56.437777,2026-03-05 19:01:40.494792,0.0,0.0,0.0
1022,71,1,2024-25,1,43,3,3,0.0,0.0,0.0,0.0,0.0,0.0,0.0,0.0,0.0,0.0,0.0,0.0,4.5,3.99,0,0,0,0,1,1,True,False,0.0,1.08,0.0,0.0,0.1,True,3.0,0.40797547617945995,2026-03-05 18:58:56.437777,2026-03-05 19:01:40.494792,0.0,0.0,0.0
1024,74,1,2024-25,1,43,3,3,0.0,0.0,0.0,0.0,0.0,0.0,0.0,0.0,0.0,0.0,0.0,0.0,4.06,4.81,0,0,0,1,3,9,True,False,0.0,2.16,0.0,0.0,0.0,True,3.0,0.8408837767957081,2026-03-05 18:58:56.437777,2026-03-05 19:01:40.494792,0.0,0.0,0.0
1029,79,1,2024-25,1,45,3,3,0.0,0.0,0.0,0.0,0.0,0.0,0.0,0.0,0.0,0.0,0.0,0.0,4.39,3.94,0,0,0,7,5,2,True,False,0.0,0.0,0.0,0.0,0.0,True,3.0,1.056916449956459,2026-03-05 18:58:56.437777,2026-03-05 19:01:40.494792,0.0,0.0,0.0
1040,680,1,2024-25,1,40,1,7,0.0,0.0,0.0,0.0,0.0,0.0,0.0,0.0,0.0,0.0,0.0,0.0,3.35,4.52,0,0,0,8,4,6,True,False,0.0,-1.27,0.0,0.0,0.0,True,3.0,1.1045074563935213,2026-03-05 18:58:56.437777,2026-03-05 19:01:40.494792,0.0,0.0,0.0
1049,728,1,2024-25,1,39,2,11,0.0,0.0,0.0,0.0,0.0,0.0,0.0,0.0,0.0,0.0,0.0,0.0,3.19,3.5,0,0,0,5,1,5,False,False,0.0,-0.49,0.0,0.0,0.0,True,3.0,1.0167108887812928,2026-03-05 18:58:56.437777,2026-03-05 19:01:40.494792,0.0,0.0,0.0
1056,91,1,2024-25,1,39,1,4,0.0,0.0,0.0,0.0,0.0,0.0,0.0,0.0,0.0,0.0,0.0,0.0,3.38,4.22,0,0,0,1,2,8,False,False,0.0,-0.12,0.0,0.0,0.2,True,3.0,1.5441591179114682,2026-03-05 18:58:56.437777,2026-03-05 19:01:40.494792,0.0,0.0,0.0
1058,93,1,2024-25,1,40,2,4,0.0,0.0,0.0,0.0,0.0,0.0,0.0,0.0,0.0,0.0,0.0,0.0,4.03,3.83,0,0,0,5,8,6,True,False,0.0,-0.88,0.0,0.0,0.1,True,3.0,1.1222015765157283,2026-03-05 18:58:56.437777,2026-03-05 19:01:40.494792,0.0,0.0,0.0
1059,94,1,2024-25,1,45,3,4,0.0,0.0,0.0,0.0,0.0,0.0,0.0,0.0,0.0,0.0,0.0,0.0,3.18,3.33,0,0,0,6,3,4,True,False,0.0,-2.0,0.0,0.0,0.0,True,3.0,0.8328112009188675,2026-03-05 18:58:56.437777,2026-03-05 19:01:40.494792,0.0,0.0,0.0
1060,95,1,2024-25,1,50,3,4,0.0,0.0,0.0,0.0,0.0,0.0,0.0,0.0,0.0,0.0,0.0,0.0,3.72,4.89,0,0,0,5,7,4,True,False,0.0,1.25,0.0,0.0,0.0,True,3.0,0.9992607918334984,2026-03-05 18:58:56.437777,2026-03-05 19:01:40.494792,0.0,0.0,0.0
1062,97,1,2024-25,1,40,1,4,0.0,0.0,0.0,0.0,0.0,0.0,0.0,0.0,0.0,0.0,0.0,0.0,4.48,4.31,0,0,0,5,6,5,True,False,0.0,0.76,0.0,0.0,0.0,True,3.0,1.0786189360319536,2026-03-05 18:58:56.437777,2026-03-05 19:01:40.494792,0.0,0.0,0.0
1065,100,1,2024-25,1,45,4,4,0.0,0.0,0.0,0.0,0.0,0.0,0.0,0.0,0.0,0.0,0.0,0.0,4.75,4.68,0,0,0,2,0,6,True,False,0.0,1.26,0.0,0.0,0.0,True,3.0,1.1368990168348254,2026-03-05 18:58:56.437777,2026-03-05 19:01:40.494792,0.0,0.0,0.0
1067,102,1,2024-25,1,39,2,4,0.0,0.0,0.0,0.0,0.0,0.0,0.0,0.0,0.0,0.0,0.0,0.0,4.71,4.32,0,0,0,1,4,0,True,False,0.0,0.79,0.0,0.0,0.1,True,3.0,1.1550403365944788,2026-03-05 18:58:56.437777,2026-03-05 19:01:40.494792,0.0,0.0,0.0
1079,338,1,2024-25,1,40,1,12,0.0,0.0,0.0,0.0,0.0,0.0,0.0,0.0,0.0,0.0,0.0,0.0,4.76,3.75,0,0,0,8,4,2,True,False,0.0,-0.59,0.0,0.0,0.0,True,3.0,1.111200577222124,2026-03-05 18:58:56.437777,2026-03-05 19:01:40.494792,0.0,0.0,0.0
1086,752,1,2024-25,1,40,1,4,0.0,0.0,0.0,0.0,0.0,0.0,0.0,0.0,0.0,0.0,0.0,0.0,4.86,3.54,0,0,0,5,6,9,False,False,0.0,0.36,0.0,0.0,0.0,True,3.0,0.8918040199968754,2026-03-05 18:58:56.437777,2026-03-05 19:01:40.494792,0.0,0.0,0.0
1089,780,1,2024-25,1,45,4,16,0.0,0.0,0.0,0.0,0.0,0.0,0.0,0.0,0.0,0.0,0.0,0.0,4.43,4.47,0,0,0,8,3,4,False,False,0.0,1.69,0.0,0.0,0.0,True,3.0,1.3048834495160522,2026-03-05 18:58:56.437777,2026-03-05 19:01:40.494792,0.0,0.0,0.0
1090,786,1,2024-25,1,45,3,5,0.0,0.0,0.0,0.0,0.0,0.0,0.0,0.0,0.0,0.0,0.0,0.0,4.43,3.28,0,0,0,1,5,0,False,False,0.0,-0.31,0.0,0.0,0.0,True,3.0,1.2416770261037178,2026-03-05 18:58:56.437777,2026-03-05 19:01:40.494792,0.0,0.0,0.0
1095,118,1,2024-25,1,45,3,4,0.0,0.0,0.0,0.0,0.0,0.0,0.0,0.0,0.0,0.0,0.0,0.0,4.44,4.28,0,0,0,6,8,4,True,False,0.0,-1.32,0.0,0.0,0.0,True,3.0,1.0102554568760105,2026-03-05 18:58:56.437777,2026-03-05 19:01:40.494792,0.0,0.0,0.0
1099,124,1,2024-25,1,45,3,5,0.0,0.0,0.0,0.0,0.0,0.0,0.0,0.0,0.0,0.0,0.0,0.0,4.11,4.83,0,0,0,9,0,8,True,False,0.0,0.33,0.0,0.0,0.0,True,3.0,0.9146737581180123,2026-03-05 18:58:56.437777,2026-03-05 19:01:40.494792,0.0,0.0,0.0
1102,127,1,2024-25,1,45,4,5,0.0,0.0,0.0,0.0,0.0,0.0,0.0,0.0,0.0,0.0,0.0,0.0,3.65,4.73,0,0,0,2,4,2,True,False,0.0,-0.66,0.0,0.0,0.0,True,3.0,1.1615880455662428,2026-03-05 18:58:56.437777,2026-03-05 19:01:40.494792,0.0,0.0,0.0
1111,136,1,2024-25,1,40,2,5,0.0,0.0,0.0,0.0,0.0,0.0,0.0,0.0,0.0,0.0,0.0,0.0,3.86,4.94,0,0,0,8,3,1,True,False,0.0,-0.5,0.0,0.0,0.0,True,3.0,1.0114559523616597,2026-03-05 18:58:56.437777,2026-03-05 19:01:40.494792,0.0,0.0,0.0
1112,137,1,2024-25,1,45,3,5,0.0,0.0,0.0,0.0,0.0,0.0,0.0,0.0,0.0,0.0,0.0,0.0,4.05,4.31,0,0,0,5,8,0,True,False,0.0,2.55,0.0,0.0,0.0,True,3.0,0.7919656851223683,2026-03-05 18:58:56.437777,2026-03-05 19:01:40.494792,0.0,0.0,0.0
1116,141,1,2024-25,1,39,1,5,0.0,0.0,0.0,0.0,0.0,0.0,0.0,0.0,0.0,0.0,0.0,0.0,4.73,4.65,0,0,0,1,0,1,False,False,0.0,-0.13,0.0,0.0,0.2,True,3.0,1.1868296171392134,2026-03-05 18:58:56.437777,2026-03-05 19:01:40.494792,0.0,0.0,0.0
1121,146,1,2024-25,1,45,3,5,0.0,0.0,0.0,0.0,0.0,0.0,0.0,0.0,0.0,0.0,0.0,0.0,3.33,4.87,0,0,0,8,9,5,True,False,0.0,-1.89,0.0,0.0,0.0,True,3.0,0.9759930916571988,2026-03-05 18:58:56.437777,2026-03-05 19:01:40.494792,0.0,0.0,0.0
1122,147,1,2024-25,1,40,1,5,0.0,0.0,0.0,0.0,0.0,0.0,0.0,0.0,0.0,0.0,0.0,0.0,4.17,4.96,0,0,0,2,5,5,True,False,0.0,-0.07,0.0,0.0,0.0,True,3.0,1.441403261818475,2026-03-05 18:58:56.437777,2026-03-05 19:01:40.494792,0.0,0.0,0.0
1124,149,1,2024-25,1,55,4,5,0.0,0.0,0.0,0.0,0.0,0.0,0.0,0.0,0.0,0.0,0.0,0.0,4.1,4.13,0,0,0,6,4,2,True,False,0.0,1.29,0.0,0.0,0.0,True,3.0,0.3200138441555138,2026-03-05 18:58:56.437777,2026-03-05 19:01:40.494792,0.0,0.0,0.0
1134,681,1,2024-25,1,45,3,7,0.0,0.0,0.0,0.0,0.0,0.0,0.0,0.0,0.0,0.0,0.0,0.0,4.47,4.76,0,0,0,1,8,6,False,False,0.0,-1.18,0.0,0.0,0.0,True,3.0,1.2467057792302576,2026-03-05 18:58:56.437777,2026-03-05 19:01:40.494792,0.0,0.0,0.0
1138,758,1,2024-25,1,45,3,7,0.0,0.0,0.0,0.0,0.0,0.0,0.0,0.0,0.0,0.0,0.0,0.0,3.37,3.43,0,0,0,4,2,5,False,False,0.0,0.38,0.0,0.0,0.0,True,3.0,0.8824238322179621,2026-03-05 18:58:56.437777,2026-03-05 19:01:40.494792,0.0,0.0,0.0
1139,763,1,2024-25,1,40,2,8,0.0,0.0,0.0,0.0,0.0,0.0,0.0,0.0,0.0,0.0,0.0,0.0,4.99,3.39,0,0,0,6,3,6,True,False,0.0,-2.33,0.0,0.0,0.0,True,3.0,0.804612615824335,2026-03-05 18:58:56.437777,2026-03-05 19:01:40.494792,0.0,0.0,0.0
1142,795,1,2024-25,1,45,3,15,0.0,0.0,0.0,0.0,0.0,0.0,0.0,0.0,0.0,0.0,0.0,0.0,4.86,4.05,0,0,0,9,0,9,False,False,0.0,0.83,0.0,0.0,0.0,True,3.0,1.0936140599665265,2026-03-05 18:58:56.437777,2026-03-05 19:01:40.494792,0.0,0.0,0.0
1149,158,1,2024-25,1,49,3,6,0.0,0.0,0.0,0.0,0.0,0.0,0.0,0.0,0.0,0.0,0.0,0.0,4.65,4.23,0,0,0,1,7,4,True,False,0.0,0.88,0.0,0.0,0.0,True,3.0,1.574225384824648,2026-03-05 18:58:56.437777,2026-03-05 19:01:40.494792,0.0,0.0,0.0
1152,162,1,2024-25,1,44,3,6,0.0,0.0,0.0,0.0,0.0,0.0,0.0,0.0,0.0,0.0,0.0,0.0,3.95,3.83,0,0,0,6,7,6,True,False,0.0,-1.07,0.0,0.0,0.0,True,3.0,0.7583828632388276,2026-03-05 18:58:56.437777,2026-03-05 19:01:40.494792,0.0,0.0,0.0
1154,164,1,2024-25,1,45,3,6,0.0,0.0,0.0,0.0,0.0,0.0,0.0,0.0,0.0,0.0,0.0,0.0,4.78,3.73,0,0,0,4,2,2,True,False,0.0,-0.13,0.0,0.0,0.0,True,3.0,1.200720636030797,2026-03-05 18:58:56.437777,2026-03-05 19:01:40.494792,0.0,0.0,0.0
1156,166,1,2024-25,1,39,2,6,0.0,0.0,0.0,0.0,0.0,0.0,0.0,0.0,0.0,0.0,0.0,0.0,4.51,3.78,0,0,0,1,5,0,True,False,0.0,-0.25,0.0,0.0,0.1,True,3.0,1.226145289288017,2026-03-05 18:58:56.437777,2026-03-05 19:01:40.494792,0.0,0.0,0.0
1158,169,1,2024-25,1,39,1,6,0.0,0.0,0.0,0.0,0.0,0.0,0.0,0.0,0.0,0.0,0.0,0.0,3.94,4.5,0,0,0,0,2,5,True,False,0.0,-1.11,0.0,0.0,0.1,True,3.0,1.1120079384384214,2026-03-05 18:58:56.437777,2026-03-05 19:01:40.494792,0.0,0.0,0.0
1160,171,1,2024-25,1,40,2,6,0.0,0.0,0.0,0.0,0.0,0.0,0.0,0.0,0.0,0.0,0.0,0.0,3.71,3.58,0,0,0,9,2,9,True,False,0.0,-0.16,0.0,0.0,0.0,True,3.0,0.8763205398671834,2026-03-05 18:58:56.437777,2026-03-05 19:01:40.494792,0.0,0.0,0.0
1164,175,1,2024-25,1,40,1,6,0.0,0.0,0.0,0.0,0.0,0.0,0.0,0.0,0.0,0.0,0.0,0.0,4.08,3.22,0,0,0,1,1,7,True,False,0.0,0.1,0.0,0.0,0.0,True,3.0,0.9550402561613173,2026-03-05 18:58:56.437777,2026-03-05 19:01:40.494792,0.0,0.0,0.0
1168,179,1,2024-25,1,40,2,6,0.0,0.0,0.0,0.0,0.0,0.0,0.0,0.0,0.0,0.0,0.0,0.0,3.9,3.68,0,0,0,6,6,2,True,False,0.0,-0.73,0.0,0.0,0.0,True,3.0,1.4431802901306139,2026-03-05 18:58:56.437777,2026-03-05 19:01:40.494792,0.0,0.0,0.0
1169,180,1,2024-25,1,49,3,6,0.0,0.0,0.0,0.0,0.0,0.0,0.0,0.0,0.0,0.0,0.0,0.0,3.86,4.32,0,0,0,0,1,8,True,False,0.0,-0.78,0.0,0.0,0.0,True,3.0,0.9691483274384223,2026-03-05 18:58:56.437777,2026-03-05 19:01:40.494792,0.0,0.0,0.0
1170,181,1,2024-25,1,39,1,6,0.0,0.0,0.0,0.0,0.0,0.0,0.0,0.0,0.0,0.0,0.0,0.0,4.29,3.68,0,0,0,6,2,0,False,False,0.0,0.92,0.0,0.0,0.2,True,3.0,1.0575214471609187,2026-03-05 18:58:56.437777,2026-03-05 19:01:40.494792,0.0,0.0,0.0
1172,183,1,2024-25,1,55,4,6,0.0,0.0,0.0,0.0,0.0,0.0,0.0,0.0,0.0,0.0,0.0,0.0,4.63,3.03,0,0,0,3,6,3,True,False,0.0,-1.63,0.0,0.0,0.0,True,3.0,1.1158722062837554,2026-03-05 18:58:56.437777,2026-03-05 19:01:40.494792,0.0,0.0,0.0
1174,185,1,2024-25,1,40,2,7,0.0,0.0,0.0,0.0,0.0,0.0,0.0,0.0,0.0,0.0,0.0,0.0,4.05,3.26,0,0,0,2,0,6,True,False,0.0,1.13,0.0,0.0,0.0,True,3.0,1.186650047538436,2026-03-05 18:58:56.437777,2026-03-05 19:01:40.494792,0.0,0.0,0.0
1175,187,1,2024-25,1,50,1,7,0.0,0.0,0.0,0.0,0.0,0.0,0.0,0.0,0.0,0.0,0.0,0.0,3.68,4.68,0,0,0,8,4,6,True,False,0.0,0.26,0.0,0.0,0.2,True,3.0,1.3339236567287291,2026-03-05 18:58:56.437777,2026-03-05 19:01:40.494792,0.0,0.0,0.0
1176,189,1,2024-25,1,45,2,7,0.0,0.0,0.0,0.0,0.0,0.0,0.0,0.0,0.0,0.0,0.0,0.0,4.16,3.76,0,0,0,4,0,5,True,False,0.0,-1.48,0.0,0.0,0.0,True,3.0,1.343447899805329,2026-03-05 18:58:56.437777,2026-03-05 19:01:40.494792,0.0,0.0,0.0
1182,695,1,2024-25,1,39,1,14,0.0,0.0,0.0,0.0,0.0,0.0,0.0,0.0,0.0,0.0,0.0,0.0,4.52,3.7,0,0,0,0,2,9,False,False,0.0,-0.23,0.0,0.0,0.1,True,3.0,0.9492698988188549,2026-03-05 18:58:56.437777,2026-03-05 19:01:40.494792,0.0,0.0,0.0
1185,740,1,2024-25,1,40,2,18,0.0,0.0,0.0,0.0,0.0,0.0,0.0,0.0,0.0,0.0,0.0,0.0,4.34,3.75,0,0,0,3,7,8,False,False,0.0,0.23,0.0,0.0,0.0,True,3.0,0.767390281603704,2026-03-05 18:58:56.437777,2026-03-05 19:01:40.494792,0.0,0.0,0.0
1186,771,1,2024-25,1,45,3,13,0.0,0.0,0.0,0.0,0.0,0.0,0.0,0.0,0.0,0.0,0.0,0.0,3.78,3.74,0,0,0,0,2,4,False,False,0.0,-0.38,0.0,0.0,0.0,True,3.0,1.1068902920210546,2026-03-05 18:58:56.437777,2026-03-05 19:01:40.494792,0.0,0.0,0.0
1188,781,1,2024-25,1,45,4,16,0.0,0.0,0.0,0.0,0.0,0.0,0.0,0.0,0.0,0.0,0.0,0.0,3.76,4.16,0,0,0,7,3,0,False,False,0.0,0.14,0.0,0.0,0.0,True,3.0,0.7181938281520179,2026-03-05 18:58:56.437777,2026-03-05 19:01:40.494792,0.0,0.0,0.0
1190,787,1,2024-25,1,45,3,20,0.0,0.0,0.0,0.0,0.0,0.0,0.0,0.0,0.0,0.0,0.0,0.0,4.0,4.85,0,0,0,4,4,8,False,False,0.0,-0.71,0.0,0.0,0.0,True,3.0,0.7880460130232247,2026-03-05 18:58:56.437777,2026-03-05 19:01:40.494792,0.0,0.0,0.0
1191,11,1,2024-25,1,45,3,1,0.0,0.0,0.0,0.0,0.0,0.0,0.0,0.0,0.0,0.0,0.0,0.0,3.7,3.39,0,0,0,6,5,7,True,False,0.0,-0.52,0.0,0.0,0.0,True,3.0,0.9107755012267715,2026-03-05 18:58:56.437777,2026-03-05 19:01:40.494792,0.0,0.0,0.0
1193,190,1,2024-25,1,40,2,7,0.0,0.0,0.0,0.0,0.0,0.0,0.0,0.0,0.0,0.0,0.0,0.0,4.82,4.74,0,0,0,0,4,5,True,False,0.0,-0.46,0.0,0.0,0.0,True,3.0,0.7675101977320031,2026-03-05 18:58:56.437777,2026-03-05 19:01:40.494792,0.0,0.0,0.0
1201,201,1,2024-25,1,44,2,7,0.0,0.0,0.0,0.0,0.0,0.0,0.0,0.0,0.0,0.0,0.0,0.0,3.66,3.9,0,0,0,2,3,7,True,False,0.0,0.16,0.0,0.0,0.0,True,3.0,0.8756015408532268,2026-03-05 18:58:56.437777,2026-03-05 19:01:40.494792,0.0,0.0,0.0
1212,213,1,2024-25,1,55,3,7,0.0,0.0,0.0,0.0,0.0,0.0,0.0,0.0,0.0,0.0,0.0,0.0,4.24,4.38,0,0,0,2,9,1,True,False,0.0,-0.78,0.0,0.0,0.0,True,3.0,1.1218662517216582,2026-03-05 18:58:56.437777,2026-03-05 19:01:40.494792,0.0,0.0,0.0
1213,214,1,2024-25,1,43,2,7,0.0,0.0,0.0,0.0,0.0,0.0,0.0,0.0,0.0,0.0,0.0,0.0,3.03,3.15,0,0,0,2,7,9,False,False,0.0,-0.21,0.0,0.0,0.1,True,3.0,1.1230439237515097,2026-03-05 18:58:56.437777,2026-03-05 19:01:40.494792,0.0,0.0,0.0
1214,215,1,2024-25,1,40,1,7,0.0,0.0,0.0,0.0,0.0,0.0,0.0,0.0,0.0,0.0,0.0,0.0,4.56,3.33,0,0,0,0,5,6,True,False,0.0,-0.72,0.0,0.0,0.0,True,3.0,1.1008596059160025,2026-03-05 18:58:56.437777,2026-03-05 19:01:40.494792,0.0,0.0,0.0
1220,646,1,2024-25,1,40,1,1,0.0,0.0,0.0,0.0,0.0,0.0,0.0,0.0,0.0,0.0,0.0,0.0,4.77,3.42,0,0,0,3,7,5,False,False,0.0,0.89,0.0,0.0,0.1,True,3.0,0.8648594811897705,2026-03-05 18:58:56.437777,2026-03-05 19:01:40.494792,0.0,0.0,0.0
1221,647,1,2024-25,1,40,1,19,0.0,0.0,0.0,0.0,0.0,0.0,0.0,0.0,0.0,0.0,0.0,0.0,4.03,3.66,0,0,0,6,9,5,False,False,0.0,1.0,0.0,0.0,0.1,True,3.0,1.2627032329135646,2026-03-05 18:58:56.437777,2026-03-05 19:01:40.494792,0.0,0.0,0.0
1229,218,1,2024-25,1,54,3,7,0.0,0.0,0.0,0.0,0.0,0.0,0.0,0.0,0.0,0.0,0.0,0.0,4.67,3.19,0,0,0,3,6,0,True,False,0.0,1.19,0.0,0.0,0.1,True,3.0,1.1806749409158304,2026-03-05 18:58:56.437777,2026-03-05 19:01:40.494792,0.0,0.0,0.0
1235,224,1,2024-25,1,44,3,8,0.0,0.0,0.0,0.0,0.0,0.0,0.0,0.0,0.0,0.0,0.0,0.0,4.93,3.63,0,0,0,7,8,4,True,False,0.0,-0.76,0.0,0.0,0.0,True,3.0,0.5803747743457415,2026-03-05 18:58:56.437777,2026-03-05 19:01:40.494792,0.0,0.0,0.0
1238,227,1,2024-25,1,44,1,8,0.0,0.0,0.0,0.0,0.0,0.0,0.0,0.0,0.0,0.0,0.0,0.0,3.78,4.22,0,0,0,1,3,5,True,False,0.0,-1.16,0.0,0.0,0.2,True,3.0,0.9484451689094714,2026-03-05 18:58:56.437777,2026-03-05 19:01:40.494792,0.0,0.0,0.0
1245,235,1,2024-25,1,40,2,8,0.0,0.0,0.0,0.0,0.0,0.0,0.0,0.0,0.0,0.0,0.0,0.0,3.68,4.17,0,0,0,0,4,4,True,False,0.0,0.84,0.0,0.0,0.0,True,3.0,1.2047249669791178,2026-03-05 18:58:56.437777,2026-03-05 19:01:40.494792,0.0,0.0,0.0
1247,237,1,2024-25,1,45,4,8,0.0,0.0,0.0,0.0,0.0,0.0,0.0,0.0,0.0,0.0,0.0,0.0,3.1,4.71,0,0,0,6,5,5,True,False,0.0,-2.04,0.0,0.0,0.0,True,3.0,0.9370678570959862,2026-03-05 18:58:56.437777,2026-03-05 19:01:40.494792,0.0,0.0,0.0
1256,651,1,2024-25,1,45,4,10,0.0,0.0,0.0,0.0,0.0,0.0,0.0,0.0,0.0,0.0,0.0,0.0,3.81,4.48,0,0,0,7,8,2,True,False,0.0,0.23,0.0,0.0,0.0,True,3.0,1.214581212191136,2026-03-05 18:58:56.437777,2026-03-05 19:01:40.494792,0.0,0.0,0.0
1258,724,1,2024-25,1,45,3,8,0.0,0.0,0.0,0.0,0.0,0.0,0.0,0.0,0.0,0.0,0.0,0.0,3.8,3.25,0,0,0,6,6,5,False,False,0.0,-0.78,0.0,0.0,0.0,True,3.0,1.006520425269448,2026-03-05 18:58:56.437777,2026-03-05 19:01:40.494792,0.0,0.0,0.0
1260,773,1,2024-25,1,45,3,19,0.0,0.0,0.0,0.0,0.0,0.0,0.0,0.0,0.0,0.0,0.0,0.0,4.19,3.58,0,0,0,1,7,7,False,False,0.0,-0.85,0.0,0.0,0.0,True,3.0,1.5050509483018835,2026-03-05 18:58:56.437777,2026-03-05 19:01:40.494792,0.0,0.0,0.0
1275,248,1,2024-25,1,48,3,9,0.0,0.0,0.0,0.0,0.0,0.0,0.0,0.0,0.0,0.0,0.0,0.0,4.19,3.31,0,0,0,5,9,9,True,False,0.0,1.03,0.0,0.0,0.0,True,3.0,0.9650193056158658,2026-03-05 18:58:56.437777,2026-03-05 19:01:40.494792,0.0,0.0,0.0
1278,251,1,2024-25,1,44,3,9,0.0,0.0,0.0,0.0,0.0,0.0,0.0,0.0,0.0,0.0,0.0,0.0,4.05,3.63,0,0,0,5,1,0,True,False,0.0,-0.2,0.0,0.0,0.0,True,3.0,0.831608331512304,2026-03-05 18:58:56.437777,2026-03-05 19:01:40.494792,0.0,0.0,0.0
1280,253,1,2024-25,1,53,3,9,0.0,0.0,0.0,0.0,0.0,0.0,0.0,0.0,0.0,0.0,0.0,0.0,3.82,3.03,0,0,0,5,8,1,True,False,0.0,-0.32,0.0,0.0,0.1,True,3.0,1.0153201577091155,2026-03-05 18:58:56.437777,2026-03-05 19:01:40.494792,0.0,0.0,0.0
1287,579,1,2024-25,1,39,1,9,0.0,0.0,0.0,0.0,0.0,0.0,0.0,0.0,0.0,0.0,0.0,0.0,4.46,3.41,0,0,0,1,4,1,False,False,0.0,0.3,0.0,0.0,0.1,True,3.0,0.8657534354872921,2026-03-05 18:58:56.437777,2026-03-05 19:01:40.494792,0.0,0.0,0.0
1291,622,1,2024-25,1,40,2,6,0.0,0.0,0.0,0.0,0.0,0.0,0.0,0.0,0.0,0.0,0.0,0.0,4.59,3.1,0,0,0,7,2,0,True,False,0.0,-0.52,0.0,0.0,0.0,True,3.0,0.936568117988656,2026-03-05 18:58:56.437777,2026-03-05 19:01:40.494792,0.0,0.0,0.0
1293,753,1,2024-25,1,40,2,5,0.0,0.0,0.0,0.0,0.0,0.0,0.0,0.0,0.0,0.0,0.0,0.0,4.68,4.79,0,0,0,9,7,1,False,False,0.0,1.34,0.0,0.0,0.0,True,3.0,0.8749286020812337,2026-03-05 18:58:56.437777,2026-03-05 19:01:40.494792,0.0,0.0,0.0
1300,264,1,2024-25,1,45,4,9,0.0,0.0,0.0,0.0,0.0,0.0,0.0,0.0,0.0,0.0,0.0,0.0,4.68,3.02,0,0,0,8,4,6,True,False,0.0,-0.52,0.0,0.0,0.0,True,3.0,0.7884734699575665,2026-03-05 18:58:56.437777,2026-03-05 19:01:40.494792,0.0,0.0,0.0
1305,269,1,2024-25,1,50,3,10,0.0,0.0,0.0,0.0,0.0,0.0,0.0,0.0,0.0,0.0,0.0,0.0,4.55,4.18,0,0,0,7,1,9,True,False,0.0,1.7,0.0,0.0,0.0,True,3.0,1.2112276141997034,2026-03-05 18:58:56.437777,2026-03-05 19:01:40.494792,0.0,0.0,0.0
1308,272,1,2024-25,1,44,3,10,0.0,0.0,0.0,0.0,0.0,0.0,0.0,0.0,0.0,0.0,0.0,0.0,3.94,4.6,0,0,0,7,8,8,True,False,0.0,-0.16,0.0,0.0,0.0,True,3.0,1.0008983497004917,2026-03-05 18:58:56.437777,2026-03-05 19:01:40.494792,0.0,0.0,0.0
1309,273,1,2024-25,1,44,3,10,0.0,0.0,0.0,0.0,0.0,0.0,0.0,0.0,0.0,0.0,0.0,0.0,3.72,3.29,0,0,0,0,7,9,True,False,0.0,-0.28,0.0,0.0,0.0,True,3.0,1.0427659558804443,2026-03-05 18:58:56.437777,2026-03-05 19:01:40.494792,0.0,0.0,0.0
1310,274,1,2024-25,1,40,2,10,0.0,0.0,0.0,0.0,0.0,0.0,0.0,0.0,0.0,0.0,0.0,0.0,3.25,3.23,0,0,0,5,4,6,True,False,0.0,0.77,0.0,0.0,0.1,True,3.0,0.6608568164984439,2026-03-05 18:58:56.437777,2026-03-05 19:01:40.494792,0.0,0.0,0.0
1313,277,1,2024-25,1,40,2,10,0.0,0.0,0.0,0.0,0.0,0.0,0.0,0.0,0.0,0.0,0.0,0.0,3.93,4.99,0,0,0,0,8,4,True,False,0.0,1.46,0.0,0.0,0.2,True,3.0,1.2696157599299416,2026-03-05 18:58:56.437777,2026-03-05 19:01:40.494792,0.0,0.0,0.0
1322,568,1,2024-25,1,53,3,20,0.0,0.0,0.0,0.0,0.0,0.0,0.0,0.0,0.0,0.0,0.0,0.0,4.03,4.74,0,0,0,6,9,8,True,False,0.0,0.11,0.0,0.0,0.0,True,3.0,0.6071976822832563,2026-03-05 18:58:56.437777,2026-03-05 19:01:40.494792,0.0,0.0,0.0
1326,619,1,2024-25,1,40,2,3,0.0,0.0,0.0,0.0,0.0,0.0,0.0,0.0,0.0,0.0,0.0,0.0,4.37,3.35,0,0,0,3,4,7,True,False,0.0,0.34,0.0,0.0,0.1,True,3.0,0.9536689057317083,2026-03-05 18:58:56.437777,2026-03-05 19:01:40.494792,0.0,0.0,0.0
1331,743,1,2024-25,1,45,3,11,0.0,0.0,0.0,0.0,0.0,0.0,0.0,0.0,0.0,0.0,0.0,0.0,3.23,3.56,0,0,0,1,7,0,False,False,0.0,0.2,0.0,0.0,0.0,True,3.0,1.0088770466753696,2026-03-05 18:58:56.437777,2026-03-05 19:01:40.494792,0.0,0.0,0.0
1332,764,1,2024-25,1,45,3,1,0.0,0.0,0.0,0.0,0.0,0.0,0.0,0.0,0.0,0.0,0.0,0.0,3.51,3.15,0,0,0,5,8,2,False,False,0.0,1.12,0.0,0.0,0.0,True,3.0,0.6575425697388417,2026-03-05 18:58:56.437777,2026-03-05 19:01:40.494792,0.0,0.0,0.0
1334,800,1,2024-25,1,50,3,20,0.0,0.0,0.0,0.0,0.0,0.0,0.0,0.0,0.0,0.0,0.0,0.0,3.77,3.08,0,0,0,8,1,0,False,False,0.0,0.18,0.0,0.0,0.0,True,3.0,1.32242309004027,2026-03-05 18:58:56.437777,2026-03-05 19:01:40.494792,0.0,0.0,0.0
1342,289,1,2024-25,1,38,1,11,0.0,0.0,0.0,0.0,0.0,0.0,0.0,0.0,0.0,0.0,0.0,0.0,3.31,4.34,0,0,0,1,5,7,False,False,0.0,-0.88,0.0,0.0,0.2,True,3.0,0.8676304916545847,2026-03-05 18:58:56.437777,2026-03-05 19:01:40.494792,0.0,0.0,0.0
1349,296,1,2024-25,1,50,3,11,0.0,0.0,0.0,0.0,0.0,0.0,0.0,0.0,0.0,0.0,0.0,0.0,3.99,3.84,0,0,0,5,8,9,True,False,0.0,0.89,0.0,0.0,0.0,True,3.0,0.8841662957511791,2026-03-05 18:58:56.437777,2026-03-05 19:01:40.494792,0.0,0.0,0.0
1352,299,1,2024-25,1,50,3,11,0.0,0.0,0.0,0.0,0.0,0.0,0.0,0.0,0.0,0.0,0.0,0.0,3.9,3.46,0,0,0,1,2,7,True,False,0.0,-1.8,0.0,0.0,0.0,True,3.0,1.0348773637230473,2026-03-05 18:58:56.437777,2026-03-05 19:01:40.494792,0.0,0.0,0.0
1359,306,1,2024-25,1,40,2,11,0.0,0.0,0.0,0.0,0.0,0.0,0.0,0.0,0.0,0.0,0.0,0.0,3.67,3.97,0,0,0,9,1,1,True,False,0.0,-1.85,0.0,0.0,0.1,True,3.0,1.159774516178436,2026-03-05 18:58:56.437777,2026-03-05 19:01:40.494792,0.0,0.0,0.0
1370,726,1,2024-25,1,40,2,11,0.0,0.0,0.0,0.0,0.0,0.0,0.0,0.0,0.0,0.0,0.0,0.0,3.74,3.75,0,0,0,9,0,1,True,False,0.0,0.79,0.0,0.0,0.0,True,3.0,1.1074793281363031,2026-03-05 18:58:56.437777,2026-03-05 19:01:40.494792,0.0,0.0,0.0
1371,754,1,2024-25,1,45,3,18,0.0,0.0,0.0,0.0,0.0,0.0,0.0,0.0,0.0,0.0,0.0,0.0,3.63,4.45,0,0,0,2,0,9,False,False,0.0,0.5,0.0,0.0,0.0,True,3.0,0.8352260324215257,2026-03-05 18:58:56.437777,2026-03-05 19:01:40.494792,0.0,0.0,0.0
1373,796,1,2024-25,1,44,3,10,0.0,0.0,0.0,0.0,0.0,0.0,0.0,0.0,0.0,0.0,0.0,0.0,3.34,3.41,0,0,0,2,7,3,False,False,0.0,-1.17,0.0,0.0,0.0,True,3.0,1.0292322560907137,2026-03-05 18:58:56.437777,2026-03-05 19:01:40.494792,0.0,0.0,0.0
1374,797,1,2024-25,1,40,2,4,0.0,0.0,0.0,0.0,0.0,0.0,0.0,0.0,0.0,0.0,0.0,0.0,3.35,3.24,0,0,0,1,7,9,False,False,0.0,0.01,0.0,0.0,0.0,True,3.0,0.9818735927923631,2026-03-05 18:58:56.437777,2026-03-05 19:01:40.494792,0.0,0.0,0.0
1375,802,1,2024-25,1,40,2,3,0.0,0.0,0.0,0.0,0.0,0.0,0.0,0.0,0.0,0.0,0.0,0.0,3.65,3.91,0,0,0,4,7,9,False,False,0.0,-1.0,0.0,0.0,0.0,True,3.0,1.1882718529437926,2026-03-05 18:58:56.437777,2026-03-05 19:01:40.494792,0.0,0.0,0.0
1378,312,1,2024-25,1,40,2,11,0.0,0.0,0.0,0.0,0.0,0.0,0.0,0.0,0.0,0.0,0.0,0.0,4.1,3.17,0,0,0,0,4,2,True,False,0.0,1.72,0.0,0.0,0.0,True,3.0,1.2354676657368215,2026-03-05 18:58:56.437777,2026-03-05 19:01:40.494792,0.0,0.0,0.0
1384,319,1,2024-25,1,49,3,12,0.0,0.0,0.0,0.0,0.0,0.0,0.0,0.0,0.0,0.0,0.0,0.0,3.31,3.35,0,0,0,2,6,6,True,False,0.0,1.28,0.0,0.0,0.0,True,3.0,1.004980284563933,2026-03-05 18:58:56.437777,2026-03-05 19:01:40.494792,0.0,0.0,0.0
1387,322,1,2024-25,1,49,3,12,0.0,0.0,0.0,0.0,0.0,0.0,0.0,0.0,0.0,0.0,0.0,0.0,4.62,3.62,0,0,0,0,9,2,True,False,0.0,-1.51,0.0,0.0,0.0,True,3.0,1.060999952521761,2026-03-05 18:58:56.437777,2026-03-05 19:01:40.494792,0.0,0.0,0.0
1388,323,1,2024-25,1,40,1,12,0.0,0.0,0.0,0.0,0.0,0.0,0.0,0.0,0.0,0.0,0.0,0.0,3.36,3.54,0,0,0,8,1,8,True,False,0.0,-1.17,0.0,0.0,0.2,True,3.0,1.1909147670318598,2026-03-05 18:58:56.437777,2026-03-05 19:01:40.494792,0.0,0.0,0.0
1390,325,1,2024-25,1,45,3,12,0.0,0.0,0.0,0.0,0.0,0.0,0.0,0.0,0.0,0.0,0.0,0.0,3.81,3.2,0,0,0,4,6,6,True,False,0.0,0.11,0.0,0.0,0.0,True,3.0,0.9987086579380202,2026-03-05 18:58:56.437777,2026-03-05 19:01:40.494792,0.0,0.0,0.0
1392,327,1,2024-25,1,45,4,12,0.0,0.0,0.0,0.0,0.0,0.0,0.0,0.0,0.0,0.0,0.0,0.0,3.69,3.74,0,0,0,4,8,1,True,False,0.0,-0.24,0.0,0.0,0.1,True,3.0,1.042973284303465,2026-03-05 18:58:56.437777,2026-03-05 19:01:40.494792,0.0,0.0,0.0
1396,331,1,2024-25,1,45,4,12,0.0,0.0,0.0,0.0,0.0,0.0,0.0,0.0,0.0,0.0,0.0,0.0,4.54,3.66,0,0,0,1,0,1,True,False,0.0,-0.02,0.0,0.0,0.0,True,3.0,1.2484850722140592,2026-03-05 18:58:56.437777,2026-03-05 19:01:40.494792,0.0,0.0,0.0
1397,332,1,2024-25,1,44,3,12,0.0,0.0,0.0,0.0,0.0,0.0,0.0,0.0,0.0,0.0,0.0,0.0,3.4,3.69,0,0,0,9,0,3,True,False,0.0,-0.11,0.0,0.0,0.0,True,3.0,1.02938132869212,2026-03-05 18:58:56.437777,2026-03-05 19:01:40.494792,0.0,0.0,0.0
1398,333,1,2024-25,1,39,2,12,0.0,0.0,0.0,0.0,0.0,0.0,0.0,0.0,0.0,0.0,0.0,0.0,3.46,4.24,0,0,0,9,1,6,False,False,0.0,0.28,0.0,0.0,0.1,True,3.0,1.058511700598377,2026-03-05 18:58:56.437777,2026-03-05 19:01:40.494792,0.0,0.0,0.0
1399,334,1,2024-25,1,44,3,12,0.0,0.0,0.0,0.0,0.0,0.0,0.0,0.0,0.0,0.0,0.0,0.0,4.44,4.94,0,0,0,5,7,4,True,False,0.0,1.21,0.0,0.0,0.0,True,3.0,0.8737898778862474,2026-03-05 18:58:56.437777,2026-03-05 19:01:40.494792,0.0,0.0,0.0
1401,336,1,2024-25,1,45,4,12,0.0,0.0,0.0,0.0,0.0,0.0,0.0,0.0,0.0,0.0,0.0,0.0,3.7,4.17,0,0,0,2,4,5,True,False,0.0,0.19,0.0,0.0,0.1,True,3.0,0.9181906274921038,2026-03-05 18:58:56.437777,2026-03-05 19:01:40.494792,0.0,0.0,0.0
1402,337,1,2024-25,1,45,3,12,0.0,0.0,0.0,0.0,0.0,0.0,0.0,0.0,0.0,0.0,0.0,0.0,4.5,3.08,0,0,0,2,6,0,True,False,0.0,-0.51,0.0,0.0,0.0,True,3.0,1.0074754562076491,2026-03-05 18:58:56.437777,2026-03-05 19:01:40.494792,0.0,0.0,0.0
1403,339,1,2024-25,1,44,3,12,0.0,0.0,0.0,0.0,0.0,0.0,0.0,0.0,0.0,0.0,0.0,0.0,4.39,4.83,0,0,0,1,3,6,True,False,0.0,-0.38,0.0,0.0,0.1,True,3.0,1.186773969454142,2026-03-05 18:58:56.437777,2026-03-05 19:01:40.494792,0.0,0.0,0.0
1404,636,1,2024-25,1,39,1,16,0.0,0.0,0.0,0.0,0.0,0.0,0.0,0.0,0.0,0.0,0.0,0.0,4.03,3.13,0,0,0,3,3,9,True,False,0.0,-0.7,0.0,0.0,0.0,True,3.0,0.7242796246643843,2026-03-05 18:58:56.437777,2026-03-05 19:01:40.494792,0.0,0.0,0.0
1406,669,1,2024-25,1,40,1,14,0.0,0.0,0.0,0.0,0.0,0.0,0.0,0.0,0.0,0.0,0.0,0.0,3.2,4.83,0,0,0,4,9,5,True,False,0.0,-0.83,0.0,0.0,0.0,True,3.0,0.9344038681257029,2026-03-05 18:58:56.437777,2026-03-05 19:01:40.494792,0.0,0.0,0.0
1408,692,1,2024-25,1,40,1,10,0.0,0.0,0.0,0.0,0.0,0.0,0.0,0.0,0.0,0.0,0.0,0.0,3.19,3.21,0,0,0,2,9,3,False,False,0.0,-0.15,0.0,0.0,0.0,True,3.0,1.0783611797670591,2026-03-05 18:58:56.437777,2026-03-05 19:01:40.494792,0.0,0.0,0.0
1418,347,1,2024-25,1,38,1,13,0.0,0.0,0.0,0.0,0.0,0.0,0.0,0.0,0.0,0.0,0.0,0.0,4.39,4.37,0,0,0,0,6,1,False,False,0.0,0.25,0.0,0.0,0.1,True,3.0,1.1496643509297397,2026-03-05 18:58:56.437777,2026-03-05 19:01:40.494792,0.0,0.0,0.0
1419,348,1,2024-25,1,45,3,13,0.0,0.0,0.0,0.0,0.0,0.0,0.0,0.0,0.0,0.0,0.0,0.0,3.74,4.19,0,0,0,5,8,2,True,False,0.0,-0.84,0.0,0.0,0.0,True,3.0,1.032107098306119,2026-03-05 18:58:56.437777,2026-03-05 19:01:40.494792,0.0,0.0,0.0
1433,363,1,2024-25,1,44,3,13,0.0,0.0,0.0,0.0,0.0,0.0,0.0,0.0,0.0,0.0,0.0,0.0,3.42,4.76,0,0,0,1,9,1,True,False,0.0,-0.59,0.0,0.0,0.0,True,3.0,0.8775814403316071,2026-03-05 18:58:56.437777,2026-03-05 19:01:40.494792,0.0,0.0,0.0
1434,571,1,2024-25,1,40,1,20,0.0,0.0,0.0,0.0,0.0,0.0,0.0,0.0,0.0,0.0,0.0,0.0,3.26,3.95,0,0,0,0,1,8,True,False,0.0,0.12,0.0,0.0,0.2,True,3.0,1.1376991194754846,2026-03-05 18:58:56.437777,2026-03-05 19:01:40.494792,0.0,0.0,0.0
1436,625,1,2024-25,1,39,2,10,0.0,0.0,0.0,0.0,0.0,0.0,0.0,0.0,0.0,0.0,0.0,0.0,3.91,3.89,0,0,0,3,2,9,False,False,0.0,-1.3,0.0,0.0,0.1,True,3.0,1.0364170444529899,2026-03-05 18:58:56.437777,2026-03-05 19:01:40.494792,0.0,0.0,0.0
1438,671,1,2024-25,1,40,2,7,0.0,0.0,0.0,0.0,0.0,0.0,0.0,0.0,0.0,0.0,0.0,0.0,4.83,3.92,0,0,0,7,3,0,True,False,0.0,0.7,0.0,0.0,0.0,True,3.0,1.0936116348649012,2026-03-05 18:58:56.437777,2026-03-05 19:01:40.494792,0.0,0.0,0.0
1444,732,1,2024-25,1,40,2,10,0.0,0.0,0.0,0.0,0.0,0.0,0.0,0.0,0.0,0.0,0.0,0.0,3.48,4.37,0,0,0,0,1,9,False,False,0.0,1.14,0.0,0.0,0.0,True,3.0,0.8568577474538743,2026-03-05 18:58:56.437777,2026-03-05 19:01:40.494792,0.0,0.0,0.0
1445,733,1,2024-25,1,40,2,4,0.0,0.0,0.0,0.0,0.0,0.0,0.0,0.0,0.0,0.0,0.0,0.0,3.85,4.88,0,0,0,1,2,9,False,False,0.0,0.24,0.0,0.0,0.0,True,3.0,1.0446975407738055,2026-03-05 18:58:56.437777,2026-03-05 19:01:40.494792,0.0,0.0,0.0
1446,736,1,2024-25,1,40,2,1,0.0,0.0,0.0,0.0,0.0,0.0,0.0,0.0,0.0,0.0,0.0,0.0,4.67,4.36,0,0,0,2,1,7,False,False,0.0,-0.52,0.0,0.0,0.0,True,3.0,0.954089212500145,2026-03-05 18:58:56.437777,2026-03-05 19:01:40.494792,0.0,0.0,0.0
1447,755,1,2024-25,1,45,3,5,0.0,0.0,0.0,0.0,0.0,0.0,0.0,0.0,0.0,0.0,0.0,0.0,3.24,3.64,0,0,0,5,6,2,False,False,0.0,-0.45,0.0,0.0,0.0,True,3.0,0.9180155255620607,2026-03-05 18:58:56.437777,2026-03-05 19:01:40.494792,0.0,0.0,0.0
1448,765,1,2024-25,1,40,1,2,0.0,0.0,0.0,0.0,0.0,0.0,0.0,0.0,0.0,0.0,0.0,0.0,4.26,4.53,0,0,0,4,5,7,False,False,0.0,-1.78,0.0,0.0,0.0,True,3.0,0.7610539456674765,2026-03-05 18:58:56.437777,2026-03-05 19:01:40.494792,0.0,0.0,0.0
1449,785,1,2024-25,1,45,4,19,0.0,0.0,0.0,0.0,0.0,0.0,0.0,0.0,0.0,0.0,0.0,0.0,3.03,4.55,0,0,0,1,3,5,True,False,0.0,-0.69,0.0,0.0,0.0,True,3.0,0.7570802470745921,2026-03-05 18:58:56.437777,2026-03-05 19:01:40.494792,0.0,0.0,0.0
1453,367,1,2024-25,1,39,1,13,0.0,0.0,0.0,0.0,0.0,0.0,0.0,0.0,0.0,0.0,0.0,0.0,4.33,4.19,0,0,0,7,1,1,True,False,0.0,-1.41,0.0,0.0,0.1,True,3.0,0.6672530493745029,2026-03-05 18:58:56.437777,2026-03-05 19:01:40.494792,0.0,0.0,0.0
1456,370,1,2024-25,1,45,2,14,0.0,0.0,0.0,0.0,0.0,0.0,0.0,0.0,0.0,0.0,0.0,0.0,3.56,5.0,0,0,0,2,9,5,True,False,0.0,0.26,0.0,0.0,0.0,True,3.0,1.2576619080917846,2026-03-05 18:58:56.437777,2026-03-05 19:01:40.494792,0.0,0.0,0.0
1460,374,1,2024-25,1,40,2,14,0.0,0.0,0.0,0.0,0.0,0.0,0.0,0.0,0.0,0.0,0.0,0.0,3.2,4.81,0,0,0,6,8,6,True,False,0.0,-0.56,0.0,0.0,0.1,True,3.0,0.8749474246459743,2026-03-05 18:58:56.437777,2026-03-05 19:01:40.494792,0.0,0.0,0.0
1461,375,1,2024-25,1,40,2,14,0.0,0.0,0.0,0.0,0.0,0.0,0.0,0.0,0.0,0.0,0.0,0.0,4.28,4.88,0,0,0,3,5,8,True,False,0.0,0.56,0.0,0.0,0.1,True,3.0,1.3910550982124938,2026-03-05 18:58:56.437777,2026-03-05 19:01:40.494792,0.0,0.0,0.0
1466,380,1,2024-25,1,40,2,14,0.0,0.0,0.0,0.0,0.0,0.0,0.0,0.0,0.0,0.0,0.0,0.0,4.86,4.62,0,0,0,1,9,5,True,False,0.0,0.48,0.0,0.0,0.1,True,3.0,0.6210417980045664,2026-03-05 18:58:56.437777,2026-03-05 19:01:40.494792,0.0,0.0,0.0
1467,381,1,2024-25,1,50,3,14,0.0,0.0,0.0,0.0,0.0,0.0,0.0,0.0,0.0,0.0,0.0,0.0,4.75,4.41,0,0,0,9,2,3,True,False,0.0,-0.94,0.0,0.0,0.0,True,3.0,0.9502729527397848,2026-03-05 18:58:56.437777,2026-03-05 19:01:40.494792,0.0,0.0,0.0
1470,384,1,2024-25,1,39,1,14,0.0,0.0,0.0,0.0,0.0,0.0,0.0,0.0,0.0,0.0,0.0,0.0,3.12,4.71,0,0,0,3,9,1,False,False,0.0,1.14,0.0,0.0,0.1,True,3.0,1.2589940206995132,2026-03-05 18:58:56.437777,2026-03-05 19:01:40.494792,0.0,0.0,0.0
1472,389,1,2024-25,1,43,2,14,0.0,0.0,0.0,0.0,0.0,0.0,0.0,0.0,0.0,0.0,0.0,0.0,4.72,3.65,0,0,0,9,3,4,True,False,0.0,0.93,0.0,0.0,0.0,True,3.0,0.7445713406862335,2026-03-05 18:58:56.437777,2026-03-05 19:01:40.494792,0.0,0.0,0.0
1477,648,1,2024-25,1,40,2,12,0.0,0.0,0.0,0.0,0.0,0.0,0.0,0.0,0.0,0.0,0.0,0.0,3.56,4.39,0,0,0,7,5,1,True,False,0.0,1.43,0.0,0.0,0.0,True,3.0,0.7538623152591283,2026-03-05 18:58:56.437777,2026-03-05 19:01:40.494792,0.0,0.0,0.0
1478,652,1,2024-25,1,45,3,10,0.0,0.0,0.0,0.0,0.0,0.0,0.0,0.0,0.0,0.0,0.0,0.0,4.02,4.95,0,0,0,5,8,5,False,False,0.0,-0.95,0.0,0.0,0.0,True,3.0,1.067657584774692,2026-03-05 18:58:56.437777,2026-03-05 19:01:40.494792,0.0,0.0,0.0
1479,658,1,2024-25,1,45,4,8,0.0,0.0,0.0,0.0,0.0,0.0,0.0,0.0,0.0,0.0,0.0,0.0,4.32,3.64,0,0,0,9,5,5,True,False,0.0,-1.92,0.0,0.0,0.0,True,3.0,1.102057111006211,2026-03-05 18:58:56.437777,2026-03-05 19:01:40.494792,0.0,0.0,0.0
